Qty,Value,Device,Package,Parts,Description,AVAILABILITY,CATEGORY,CHECK_PRICES,DESCRIPTION,MANUFACTURER,MF,MP,MPN,OC_FARNELL,OC_NEWARK,OPERATING_TEMP,PACKAGE,PART_STATUS,POPULARITY,PRICE,PROD_ID,ROHS_COMPLIANT,SERIES,SF_SKU,SNAPEDA_LINK,SPICEPREFIX,SUB-CATEGORY,THERMALLOSS,TYPE
1,,CONN_05X2ML10L,ML10L,J1,"Multi connection point. Often used as Generic Header-pin footprint for 0.1 inch spaced/style header connections",,,,,,,,,,,,,,,,,,,,,,,,
1,100k,R-EU_R0805,R0805,R23,"RESISTOR, European symbol",,,,,,,,,,,,,,86,,,,,,,R,,,
12,100n,C-EUC0805,C0805,"C1, C2, C3, C4, C5, C6, C7, C8, C9, C10, C11, C12","CAPACITOR, European symbol",,,,,,,,,,,,,,88,,,,,,,C,,,
1,10k,3386P-1-101T,TRIM_3386P-1-101T,R18,"Check availability","In Stock",,https://www.snapeda.com/parts/3386P-1-101/Bourns/view-part/?ref=eda," TRIMMER - 3/8in SQ ST CERMET | Bourns 3386P-1-101 ",,Bourns,3386P-1-101,,,,,"3386P-3 Bourns",,,None,,,,,https://www.snapeda.com/parts/3386P-1-101/Bourns/view-part/?ref=snap,,,,
3,10k,4R-N0603-ARC,0603-ARC,"RN1, RN2, RN3","Array Chip Resistor",,,,,,,,,unknown,unknown,,,,0,,,,,,,,,,
7,1N4148T4,1N4148T4,SOD123,"D1, D2, D3, D6, D7, D8, D9",DIODE,,,,,,,,,,,,,,,,,,,,,,,,
1,1k,4R-N0603-ARC,0603-ARC,RN6,"Array Chip Resistor",,,,,,,,,unknown,unknown,,,,0,,,,,,,,,,
6,1k,R-EU_R0805,R0805,"R2, R16, R19, R22, R24, R27","RESISTOR, European symbol",,,,,,,,,,,,,,86,,,,,,,R,,,
14,1k5,R-EU_R0805,R0805,"R1, R3, R4, R5, R6, R7, R8, R9, R10, R11, R12, R13, R14, R15","RESISTOR, European symbol",,,,,,,,,,,,,,86,,,,,,,R,,,
3,330,R-EU_R0805,R0805,"R25, R26, R28","RESISTOR, European symbol",,,,,,,,,,,,,,86,,,,,,,R,,,
1,3V3,V_REG_LD1117VXXLD1117-SMD,SOT223,U$3,"LD1117VXX voltage regulator. We carry the 3.3V version (COM-00526) in TO-220 package.",,,,,,,,,,,,,,,,VREG-13917,,,,,,,,
2,4k7,R-EU_R0805,R0805,"R20, R21","RESISTOR, European symbol",,,,,,,,,,,,,,86,,,,,,,R,,,
1,5V,V_REG_LD1117VXXLD1117-SMD,SOT223,U$2,"LD1117VXX voltage regulator. We carry the 3.3V version (COM-00526) in TO-220 package.",,,,,,,,,,,,,,,,VREG-13917,,,,,,,,
1,5V1,ZENER-DIODESOD80C,SOD80C,D5,Z-Diode,,,,,,,,,,,,,,6,,,,,,,,,,
1,5k,R-EU_R0805,R0805,R17,"RESISTOR, European symbol",,,,,,,,,,,,,,86,,,,,,,R,,,
3,74HCT595D,74HCT595D,SO16,"IC4, IC5, IC6","8-bit SHIFT REGISTER, output latch",,IC_Logic,,,,,,,,,,,,,,,,,,,,"Shift Register",,
1,74LS08D,74LS08D,SO14,IC2,"Quad 2-input AND gate",,,,,,,,,,,,,,0,,,,,,,,,,
1,74LS148D,74LS148D,SO16,IC3,"10-line to 4-line and 8-line to 3-line PRIORITY ENCODER",,,,,,,,,,,,,,0,,,,,,,,,,
8,75,R-EU_R0603,R0603,"R29, R30, R31, R32, R33, R34, R35, R36","RESISTOR, European symbol",,,,,,,,,,,,,,70,,,,,,,R,,,
1,7SEG-5463,7SEG-5463,5643,DS2,,,,,,,,,,,,,,,,,,,,,,,,,
2,AO3404,AO3404,SOT23,"Q2, Q3",,,,,,,,,,,,,,,,,,,,,,,,,
1,BLOWER,TERMINAL-BLOK-90,MSTBA2,TB3,,,,,,,,,,,,,,,,,,,,,,,,,
3,BLUE,LEDCHIPLED_1206,CHIPLED_1206,"LED2, LED8, LED12",LED,,,,,,,,,,,,,,28,,,,,,,,,,
1,BUZZER-PTH_KIT,BUZZER-PTH_KIT,BUZZER-12MM-KIT,LS1,Buzzer,,,,,,,,,,,,,,,,COMP-08253,,,COM-07950,,,,,
1,C/F,PUSH_BUTTON2P,PUSH_BUTTON_2P,SW10,,,,,,,,,,,,,,,,,,,,,,,,,
1,CHILLER,TERMINAL-BLOK-90,MSTBA2,TB4,,,,,,,,,,,,,,,,,,,,,,,,,
1,CR1220,BATTERY,CR1220,B1,,,,,,,,,,,,,,,,,,,,,,,,,
1,DHT11,TEMP-HUM-SENSOR-DHT11H,DHT11,U$1,"DHT11 - digital humidity & temperature sensor",,,,,,,,,,,,,,,,,,,,,,,,
1,"","",SO16W,IC9,,,,,,,,,,,,,,,,,,,,,,,,,
3,EC2,EC2,EC2,"K1, K2, K3",,,,,,,,,,,,,,,,,,,,,,,,,
1,F_COOL,PUSH_BUTTON2P,PUSH_BUTTON_2P,SW8,,,,,,,,,,,,,,,,,,,,,,,,,
1,F_HEAT,PUSH_BUTTON2P,PUSH_BUTTON_2P,SW9,,,,,,,,,,,,,,,,,,,,,,,,,
11,GREEN,LEDCHIPLED_1206,CHIPLED_1206,"LED1, LED7, LED9, LED10, LED11, LED13, LED14, LED15, LED16, LED17, LED18",LED,,,,,,,,,,,,,,28,,,,,,,,,,
1,HEATER,TERMINAL-BLOK-90,MSTBA2,TB2,,,,,,,,,,,,,,,,,,,,,,,,,
1,HEATING,PUSH_BUTTON2P,PUSH_BUTTON_2P,SW7,,,,,,,,,,,,,,,,,,,,,,,,,
6,JUMPER-SMT_2_NC_PASTE_SILK,JUMPER-SMT_2_NC_PASTE_SILK,SMT-JUMPER_2_NC_PASTE_SILK,"JP3, JP4, JP5, JP8, JP9, JP10","Normally closed solder jumper",,,,,,,,,,,,,,,,,,,,,,,,
9,MMBT3904,MMBT3904SOT23-BEC,SOT23-BEC,"T1, T2, T3, T4, T5, T6, T7, T8, T9","NPN Transistror",,,,,,,,,,,,,,,,,,,,,,,,
1,MODE,PUSH_BUTTON2P,PUSH_BUTTON_2P,SW1,,,,,,,,,,,,,,,,,,,,,,,,,
1,ON/OFF,PUSH_BUTTON2P,PUSH_BUTTON_2P,SW12,,,,,,,,,,,,,,,,,,,,,,,,,
1,RED,LEDCHIPLED_1206,CHIPLED_1206,LED3,LED,,,,,,,,,,,,,,28,,,,,,,,,,
1,RST,PUSH_BUTTON2P,PUSH_BUTTON_2P,SW13,,,,,,,,,,,,,,,,,,,,,,,,,
1,SET,PUSH_BUTTON2P,PUSH_BUTTON_2P,SW11,,,,,,,,,,,,,,,,,,,,,,,,,
1,SPEED,PUSH_BUTTON2P,PUSH_BUTTON_2P,SW2,,,,,,,,,,,,,,,,,,,,,,,,,
1,SS34,SS34SMA,SMA,D4,"SCHOTTKY BARRIER RECTIFIER 3.0 AMPERES 20, 30, 40 VOLT",,,,,,,,,,,,,,,,,,,,,,,,
1,STM32F103C8T6-MODULE-SYS,STM32F103C8T6-MODULE-SYS,STM32F103C8T6-MODULE-SYS,IC1,"STM32F103C8T6 module with ARM Cortex-3, 20kB SRAM, 64kB Flash, 72MHz",,,,,,,,,,,,,,,,,,,,,,,,
1,SUPPLY,TERMINAL-BLOK-90,MSTBA2,TB1,,,,,,,,,,,,,,,,,,,,,,,,,
1,SWEEP,PUSH_BUTTON2P,PUSH_BUTTON_2P,SW3,,,,,,,,,,,,,,,,,,,,,,,,,
1,TEMP_DOWN,PUSH_BUTTON2P,PUSH_BUTTON_2P,SW6,,,,,,,,,,,,,,,,,,,,,,,,,
1,TEMP_UP,PUSH_BUTTON2P,PUSH_BUTTON_2P,SW5,,,,,,,,,,,,,,,,,,,,,,,,,
1,TIMER,PUSH_BUTTON2P,PUSH_BUTTON_2P,SW4,,,,,,,,,,,,,,,,,,,,,,,,,
3,WHITE,LEDCHIPLED_1206,CHIPLED_1206,"LED4, LED5, LED6",LED,,,,,,,,,,,,,,28,,,,,,,,,,
