JP10,4.76,72.39,90.00,JUMPER-SMT_2_NC_PASTE_SILK,SMT-JUMPER_2_NC_PASTE_SILK
JP3,2.22,67.31,90.00,JUMPER-SMT_2_NC_PASTE_SILK,SMT-JUMPER_2_NC_PASTE_SILK
JP4,2.22,69.85,90.00,JUMPER-SMT_2_NC_PASTE_SILK,SMT-JUMPER_2_NC_PASTE_SILK
JP5,2.22,72.39,90.00,JUMPER-SMT_2_NC_PASTE_SILK,SMT-JUMPER_2_NC_PASTE_SILK
JP8,4.76,67.31,90.00,JUMPER-SMT_2_NC_PASTE_SILK,SMT-JUMPER_2_NC_PASTE_SILK
JP9,4.76,69.85,90.00,JUMPER-SMT_2_NC_PASTE_SILK,SMT-JUMPER_2_NC_PASTE_SILK
LED1,6.35,94.30,270.00,GREEN,CHIPLED_1206
LED10,39.05,67.31,180.00,GREEN,CHIPLED_1206
LED11,60.01,67.31,180.00,GREEN,CHIPLED_1206
LED12,56.20,67.31,180.00,BLUE,CHIPLED_1206
LED13,67.63,67.31,180.00,GREEN,CHIPLED_1206
LED14,63.82,67.31,180.00,GREEN,CHIPLED_1206
LED15,77.47,64.14,90.00,GREEN,CHIPLED_1206
LED16,93.34,24.77,90.00,GREEN,CHIPLED_1206
LED17,93.34,21.59,90.00,GREEN,CHIPLED_1206
LED18,93.34,18.41,90.00,GREEN,CHIPLED_1206
LED2,17.46,94.30,270.00,BLUE,CHIPLED_1206
LED3,17.46,79.69,270.00,RED,CHIPLED_1206
LED4,6.35,79.69,270.00,WHITE,CHIPLED_1206
LED5,86.36,79.69,270.00,WHITE,CHIPLED_1206
LED6,86.36,94.30,270.00,WHITE,CHIPLED_1206
LED7,35.24,67.31,180.00,GREEN,CHIPLED_1206
LED8,31.43,67.31,180.00,BLUE,CHIPLED_1206
LED9,42.86,67.31,180.00,GREEN,CHIPLED_1206
